Spdq,aic,r2
"(2, 0, 2, 12)",2265.7020502576274,0.8475766063783872
"(1, 0, 1, 12)",2266.2565786584746,0.8434648017403857
"(0, 0, 2, 12)",2260.7477215785734,0.8414139930715909
"(0, 0, 0, 12)",2264.6882597881004,0.8388799304896774
"(2, 0, 1, 12)",2252.948716395472,0.8209290515712452
"(1, 0, 0, 12)",2262.8649645170726,0.819296520590597
"(0, 0, 1, 12)",2262.3472687396097,0.8184279206790632
"(2, 0, 0, 12)",2258.8660097506304,0.8148749219266374
"(1, 0, 2, 12)",2231.7322242548958,0.6613181894420341
