Spdq,aic,r2
"(0, 0, 0, 12)",2236.549448989354,0.853859536102871
"(2, 0, 1, 12)",2237.973929702059,0.8013372927673892
"(1, 0, 0, 12)",2237.9582564303823,0.7896631359275195
"(0, 0, 1, 12)",2237.898430325099,0.7890436038494839
"(1, 0, 1, 12)",2240.3491534019054,0.7882774844848207
"(2, 0, 0, 12)",2241.064689845202,0.7859010446967074
"(2, 0, 2, 12)",2232.926560060704,0.6777023079600263
"(1, 0, 2, 12)",2232.923296094508,0.6585529412135789
